date,ticker,exchange,simple_return,band,tolerance,excess,next_day_return,category
2024-06-11,TCB,HOSE,-0.4953987959912141,0.07,0.005,0.4253987959912141,0.0010131754285089833,PERSISTS_LIKELY_CORP_ACTION
2025-12-18,HDB,HOSE,0.2969000008758999,0.07,0.005,0.2269000008758999,-0.19158878504672894,SPIKE_REVERSES_AMBIGUOUS
2023-02-20,TPB,HOSE,0.263773488968142,0.07,0.005,0.193773488968142,0.008130131156258935,PERSISTS_LIKELY_CORP_ACTION
2025-12-19,HDB,HOSE,-0.1915887850467289,0.07,0.005,0.1215887850467289,0.040462427745664664,PERSISTS_LIKELY_CORP_ACTION
2023-05-29,HDB,HOSE,0.1782016256795142,0.07,0.005,0.1082016256795142,0.0,STALE_REPEAT_NEXT_DAY
2024-12-12,BID,HOSE,-0.1735536984591514,0.07,0.005,0.1035536984591514,-0.004291709690447676,PERSISTS_LIKELY_CORP_ACTION
2024-09-12,SSI,HOSE,-0.1730768544765423,0.07,0.005,0.1030768544765423,0.001550288708051406,PERSISTS_LIKELY_CORP_ACTION
2018-01-25,GAS,HOSE,0.1444443989116679,0.07,0.005,0.0744443989116679,0.02736110958542204,PERSISTS_LIKELY_CORP_ACTION
2025-10-13,VIC,HOSE,0.1442896935933146,0.07,0.005,0.0742896935933146,0.0,STALE_REPEAT_NEXT_DAY
2025-06-16,PLX,HOSE,0.1432623835060218,0.07,0.005,0.0732623835060218,0.0,STALE_REPEAT_NEXT_DAY
2018-01-25,VJC,HOSE,0.1380491093288736,0.07,0.005,0.0680491093288735,-0.04761905360211616,PERSISTS_LIKELY_CORP_ACTION
2025-08-25,VPB,HOSE,-0.1332470591889936,0.07,0.005,0.0632470591889935,0.0,STALE_REPEAT_NEXT_DAY
2025-10-13,VRE,HOSE,0.1315790173955962,0.07,0.005,0.0615790173955961,0.0,STALE_REPEAT_NEXT_DAY
2018-01-25,BID,HOSE,0.1301113839047865,0.07,0.005,0.0601113839047864,0.06907886223299453,PERSISTS_LIKELY_CORP_ACTION
2021-07-09,MWG,HOSE,0.1256378006751977,0.07,0.005,0.0556378006751976,0.0,STALE_REPEAT_NEXT_DAY
2026-03-04,PLX,HOSE,0.1245954233828212,0.07,0.005,0.0545954233828212,-0.06906472332251679,SPIKE_REVERSES_AMBIGUOUS
2020-05-19,HPG,HOSE,0.1210855873284537,0.07,0.005,0.0510855873284537,0.0,STALE_REPEAT_NEXT_DAY
2025-10-20,VRE,HOSE,-0.1209677772603248,0.07,0.005,0.0509677772603248,0.0,STALE_REPEAT_NEXT_DAY
2025-07-28,SSI,HOSE,0.1187499738366819,0.07,0.005,0.0487499738366819,0.0,STALE_REPEAT_NEXT_DAY
2021-07-09,VRE,HOSE,-0.1167192837568379,0.07,0.005,0.0467192837568379,0.0,STALE_REPEAT_NEXT_DAY
2026-03-04,GAS,HOSE,0.1152512998266896,0.07,0.005,0.0452512998266896,-0.0699300699300699,SPIKE_REVERSES_AMBIGUOUS
2021-10-28,GAS,HOSE,0.1150758483830125,0.07,0.005,0.0450758483830125,-0.004000093401204885,PERSISTS_LIKELY_CORP_ACTION
2025-10-20,VHM,HOSE,-0.1147541201638822,0.07,0.005,0.0447541201638821,0.0,STALE_REPEAT_NEXT_DAY
2025-07-28,VJC,HOSE,0.1140350916267507,0.07,0.005,0.0440350916267507,0.0,STALE_REPEAT_NEXT_DAY
2025-07-14,VIC,HOSE,0.1122047244094488,0.07,0.005,0.0422047244094488,0.0,STALE_REPEAT_NEXT_DAY
2025-12-01,SSI,HOSE,-0.1113631978849085,0.07,0.005,0.0413631978849085,0.0093750014658176,PERSISTS_LIKELY_CORP_ACTION
2018-01-25,MSN,HOSE,0.1108571670796692,0.07,0.005,0.0408571670796691,0.0030864234335648,PERSISTS_LIKELY_CORP_ACTION
2018-01-25,VCB,HOSE,0.1098362664660697,0.07,0.005,0.0398362664660696,0.020679483301475177,PERSISTS_LIKELY_CORP_ACTION
2025-09-08,VPB,HOSE,-0.106017194098703,0.07,0.005,0.036017194098703,0.0,STALE_REPEAT_NEXT_DAY
2017-05-03,MBB,HOSE,0.1052631578947369,0.07,0.005,0.0352631578947369,-0.017857142857142905,PERSISTS_LIKELY_CORP_ACTION
2025-12-26,VHM,HOSE,-0.1042344936855838,0.07,0.005,0.0342344936855837,0.06999997566105853,SPIKE_REVERSES_AMBIGUOUS
2020-03-17,GVR,HOSE,-0.1040145985401459,0.07,0.005,0.0340145985401459,-0.06313645621181263,PERSISTS_LIKELY_CORP_ACTION
2025-10-20,VPB,HOSE,-0.1039156749139491,0.07,0.005,0.0339156749139491,0.0,STALE_REPEAT_NEXT_DAY
2025-10-06,VRE,HOSE,0.1023622217771913,0.07,0.005,0.0323622217771913,0.0,STALE_REPEAT_NEXT_DAY
2025-08-25,SSB,HOSE,-0.101731611657011,0.07,0.005,0.031731611657011,0.0,STALE_REPEAT_NEXT_DAY
2021-09-09,SSI,HOSE,0.1015033113367374,0.07,0.005,0.0315033113367373,-0.003412867967473643,PERSISTS_LIKELY_CORP_ACTION
2025-10-20,VNM,HOSE,-0.1013072343504388,0.07,0.005,0.0313072343504388,0.0,STALE_REPEAT_NEXT_DAY
2021-02-17,GAS,HOSE,0.1000000838495225,0.07,0.005,0.0300000838495225,0.036824004855233516,PERSISTS_LIKELY_CORP_ACTION
2025-09-08,TPB,HOSE,-0.0999999999999999,0.07,0.005,0.0299999999999999,0.0,STALE_REPEAT_NEXT_DAY
2020-05-19,VPB,HOSE,0.0993657754329324,0.07,0.005,0.0293657754329324,0.0,STALE_REPEAT_NEXT_DAY
2025-05-15,VPB,HOSE,0.0988371159050613,0.07,0.005,0.0288371159050613,-0.018518456192311294,PERSISTS_LIKELY_CORP_ACTION
2021-02-17,TCB,HOSE,0.0971428449271227,0.07,0.005,0.0271428449271227,0.013020889148974035,PERSISTS_LIKELY_CORP_ACTION
2025-06-16,GAS,HOSE,0.097133726162601,0.07,0.005,0.027133726162601,0.0,STALE_REPEAT_NEXT_DAY
2021-02-17,SSI,HOSE,0.0964052678831575,0.07,0.005,0.0264052678831575,-0.007451562089503483,PERSISTS_LIKELY_CORP_ACTION
2025-08-25,TCB,HOSE,-0.0962695590218545,0.07,0.005,0.0262695590218545,0.0,STALE_REPEAT_NEXT_DAY
2021-07-09,HPG,HOSE,-0.0956022540812331,0.07,0.005,0.0256022540812331,0.0,STALE_REPEAT_NEXT_DAY
2019-07-17,VCB,HOSE,0.0948275945318717,0.07,0.005,0.0248275945318717,0.0026246721264744366,PERSISTS_LIKELY_CORP_ACTION
2025-10-20,HDB,HOSE,-0.0943113878038708,0.07,0.005,0.0243113878038708,0.0,STALE_REPEAT_NEXT_DAY
2019-12-06,MSN,HOSE,-0.0942029340544675,0.07,0.005,0.0242029340544675,-0.031999882545985736,PERSISTS_LIKELY_CORP_ACTION
2025-11-03,VRE,HOSE,-0.0939306483391078,0.07,0.005,0.0239306483391077,0.06858051561713174,SPIKE_REVERSES_AMBIGUOUS
2025-09-29,VIC,HOSE,0.0936708860759494,0.07,0.005,0.0236708860759494,0.0,STALE_REPEAT_NEXT_DAY
2021-02-17,FPT,HOSE,0.0925668207340362,0.07,0.005,0.0225668207340362,0.003850975246364019,PERSISTS_LIKELY_CORP_ACTION
2021-07-09,SSI,HOSE,-0.0915371196471287,0.07,0.005,0.0215371196471287,0.0,STALE_REPEAT_NEXT_DAY
2025-10-20,TPB,HOSE,-0.0911392126412027,0.07,0.005,0.0211392126412027,0.0,STALE_REPEAT_NEXT_DAY
2025-10-20,CTG,HOSE,-0.0910780052742189,0.07,0.005,0.0210780052742189,0.0,STALE_REPEAT_NEXT_DAY
2018-01-25,SSI,HOSE,0.0892307966710543,0.07,0.005,0.0192307966710543,-0.0028249544168331697,PERSISTS_LIKELY_CORP_ACTION
2025-08-25,TPB,HOSE,-0.0884353608630952,0.07,0.005,0.0184353608630952,0.0,STALE_REPEAT_NEXT_DAY
2021-10-07,VPB,HOSE,0.0882577193588727,0.07,0.005,0.0182577193588727,0.007012600178983641,PERSISTS_LIKELY_CORP_ACTION
2020-05-04,SAB,HOSE,-0.088235228217635,0.07,0.005,0.018235228217635,-0.0212906337346368,PERSISTS_LIKELY_CORP_ACTION
2019-12-06,HDB,HOSE,0.0880626765863581,0.07,0.005,0.0180626765863581,0.007194290639816803,PERSISTS_LIKELY_CORP_ACTION
2018-10-03,GVR,UPCOM,0.1677503250975291,0.15,0.005,0.0177503250975291,0.018930957683741756,PERSISTS_LIKELY_CORP_ACTION
2025-12-26,VIC,HOSE,-0.0871613663133097,0.07,0.005,0.0171613663133097,0.030322580645161246,PERSISTS_LIKELY_CORP_ACTION
2018-01-25,VPB,HOSE,0.0871369642078383,0.07,0.005,0.0171369642078383,-0.007633757315363088,PERSISTS_LIKELY_CORP_ACTION
2025-10-20,VIC,HOSE,-0.0854059127170342,0.07,0.005,0.0154059127170342,0.0,STALE_REPEAT_NEXT_DAY
2025-11-03,HDB,HOSE,-0.0853293725383278,0.07,0.005,0.0153293725383278,0.01800326015939291,PERSISTS_LIKELY_CORP_ACTION
2020-06-10,STB,HOSE,0.0849056603773585,0.07,0.005,0.0149056603773585,-0.03913043478260869,SPIKE_REVERSES_AMBIGUOUS
2025-10-20,SSB,HOSE,-0.0842105158829467,0.07,0.005,0.0142105158829466,0.0,STALE_REPEAT_NEXT_DAY
2025-10-27,VRE,HOSE,-0.0837562974958872,0.07,0.005,0.0137562974958871,0.0,STALE_REPEAT_NEXT_DAY
2021-02-17,HDB,HOSE,0.0831557462067329,0.07,0.005,0.0131557462067329,0.003936866497223024,PERSISTS_LIKELY_CORP_ACTION
2025-08-25,STB,HOSE,-0.0830449826989619,0.07,0.005,0.0130449826989619,0.0,STALE_REPEAT_NEXT_DAY
2021-07-09,PLX,HOSE,-0.0830324496698854,0.07,0.005,0.0130324496698854,0.0,STALE_REPEAT_NEXT_DAY
2021-10-28,MSN,HOSE,0.0827979613803016,0.07,0.005,0.0127979613803015,-0.005273503689937398,PERSISTS_LIKELY_CORP_ACTION
2025-10-20,TCB,HOSE,-0.0824242442993958,0.07,0.005,0.0124242442993958,0.0,STALE_REPEAT_NEXT_DAY
2025-10-20,SSI,HOSE,-0.0822249093107617,0.07,0.005,0.0122249093107617,0.0,STALE_REPEAT_NEXT_DAY
2025-07-21,VIC,HOSE,-0.081967213114754,0.07,0.005,0.011967213114754,0.0,STALE_REPEAT_NEXT_DAY
2018-01-25,VRE,HOSE,-0.0819671905321939,0.07,0.005,0.0119671905321939,-0.017857062471583696,PERSISTS_LIKELY_CORP_ACTION
2021-07-19,SSI,HOSE,-0.0819366135740259,0.07,0.005,0.0119366135740259,0.068965464687746,SPIKE_REVERSES_AMBIGUOUS
2021-07-19,SSB,HOSE,-0.0818858764843132,0.07,0.005,0.0118858764843132,0.055405444850655794,SPIKE_REVERSES_AMBIGUOUS
2025-10-20,BID,HOSE,-0.0817610769382635,0.07,0.005,0.0117610769382635,0.0,STALE_REPEAT_NEXT_DAY
2017-08-30,VIC,HOSE,0.0813186782365127,0.07,0.005,0.0113186782365127,-0.004064987929973118,PERSISTS_LIKELY_CORP_ACTION
2025-11-03,STB,HOSE,-0.0808435852372583,0.07,0.005,0.0108435852372583,0.030592734225621365,PERSISTS_LIKELY_CORP_ACTION
2021-02-17,CTG,HOSE,0.0807634639390351,0.07,0.005,0.0107634639390351,0.0,STALE_REPEAT_NEXT_DAY
2025-10-13,VHM,HOSE,0.0799999858904683,0.07,0.005,0.0099999858904683,0.0,STALE_REPEAT_NEXT_DAY
2025-12-19,VJC,HOSE,0.0799568510246508,0.07,0.005,0.0099568510246508,0.030515186565583052,PERSISTS_LIKELY_CORP_ACTION
2021-07-13,CTG,HOSE,-0.0797872808708786,0.07,0.005,0.0097872808708786,0.0,STALE_REPEAT_NEXT_DAY
2021-02-17,MBB,HOSE,0.0794978950680944,0.07,0.005,0.0094978950680944,0.015503866493917107,PERSISTS_LIKELY_CORP_ACTION
2025-06-09,VHM,HOSE,-0.0794270334029803,0.07,0.005,0.0094270334029802,0.0,STALE_REPEAT_NEXT_DAY
2025-05-26,VHM,HOSE,0.0792951499864902,0.07,0.005,0.0092951499864902,0.0,STALE_REPEAT_NEXT_DAY
2025-09-16,MSN,HOSE,0.0792682926829269,0.07,0.005,0.0092682926829268,-0.019209039548022555,PERSISTS_LIKELY_CORP_ACTION
2021-07-09,CTG,HOSE,-0.0791246500961181,0.07,0.005,0.0091246500961181,0.0,STALE_REPEAT_NEXT_DAY
2019-07-17,VRE,HOSE,0.0787172255759609,0.07,0.005,0.0087172255759609,-0.010810902992549831,PERSISTS_LIKELY_CORP_ACTION
2021-07-19,TCB,HOSE,-0.0786947956067459,0.07,0.005,0.0086947956067459,0.03124995670059949,PERSISTS_LIKELY_CORP_ACTION
2025-06-09,VIC,HOSE,-0.0785714285714286,0.07,0.005,0.0085714285714286,0.0,STALE_REPEAT_NEXT_DAY
2021-07-19,CTG,HOSE,-0.0785713893894647,0.07,0.005,0.0085713893894647,0.03100769783219337,PERSISTS_LIKELY_CORP_ACTION
2025-09-08,SSB,HOSE,-0.078521879187976,0.07,0.005,0.008521879187976,0.0,STALE_REPEAT_NEXT_DAY
2021-09-09,MWG,HOSE,0.0779691834472258,0.07,0.005,0.0079691834472258,0.0,STALE_REPEAT_NEXT_DAY
2025-05-14,TPB,HOSE,-0.0779661144202454,0.07,0.005,0.0079661144202454,0.014705911180965092,PERSISTS_LIKELY_CORP_ACTION
2025-10-20,HPG,HOSE,-0.0778761220941249,0.07,0.005,0.0078761220941249,0.0,STALE_REPEAT_NEXT_DAY
2018-06-20,GVR,UPCOM,0.157718120805369,0.15,0.005,0.007718120805369,0.0,STALE_REPEAT_NEXT_DAY
2021-02-17,STB,HOSE,0.0775862068965518,0.07,0.005,0.0075862068965518,-0.008000000000000007,PERSISTS_LIKELY_CORP_ACTION
2025-10-20,STB,HOSE,-0.0773109243697478,0.07,0.005,0.0073109243697478,0.0,STALE_REPEAT_NEXT_DAY
2025-12-26,VRE,HOSE,-0.0764790636772804,0.07,0.005,0.0064790636772804,0.03750000631995243,SPIKE_REVERSES_AMBIGUOUS
2021-07-09,STB,HOSE,-0.0761904761904761,0.07,0.005,0.0061904761904761,0.0,STALE_REPEAT_NEXT_DAY
2025-08-11,MSN,HOSE,0.0761154855643044,0.07,0.005,0.0061154855643044,0.0,STALE_REPEAT_NEXT_DAY
2019-02-21,VRE,HOSE,0.0759493602191478,0.07,0.005,0.0059493602191478,0.029411846296760302,PERSISTS_LIKELY_CORP_ACTION
2021-06-09,SSB,HOSE,-0.0758620357029796,0.07,0.005,0.0058620357029796,0.027363171097036787,PERSISTS_LIKELY_CORP_ACTION
2021-07-09,VIC,HOSE,-0.0757446635991966,0.07,0.005,0.0057446635991966,0.0,STALE_REPEAT_NEXT_DAY
2024-06-04,STB,HOSE,0.0754039497307001,0.07,0.005,0.0054039497307001,-0.011686143572620988,PERSISTS_LIKELY_CORP_ACTION
