experiment_id,instance_id,track,view,status,status_reason,budget_candidates,generated_unique,shortfall,true_evaluations_generation,true_evaluations_polish,generation_seconds,polish_seconds,predicate_feasible_count,true_feasible_count,raw_best_true_objective,polished_best_true_objective,extra_seeds_completed,extra_seeds_registered,extra_qaoa_wall_seconds,extra_qaoa_maxiter,extra_circuit_evaluations_total,extra_mass_on_true_grid_optimum,extra_top_k_mass,raw_best_feasible,raw_best_bitstring,raw_best_source_rank,raw_best_qubo_energy_gap,diversity_mean_l1,novelty_vs_classical_true,raw_best_abs_gap,raw_best_rel_gap,raw_best_true_rank,near_optimal_rate_0.005,near_optimal_rate_0.01,near_optimal_rate_0.02,recall_true_top_10,recall_true_top_50,polished_best_feasible,winner_start_rank,winner_start_bitstring,winner_start_true_objective,winner_polish_gain,winner_polishing_dependency,winner_final_reductions_pct,winner_true_cvar,winner_cvar_before,winner_return_sacrifice,winner_transaction_cost,winner_liquidity_penalty,winner_turnover,winner_cash_weight_after,winner_worst_drawdown_after,winner_constraint_violations,polish_gain_raw_to_final,polished_abs_gap_best_known,polished_rel_gap_best_known,extra_beta,extra_fit_status,set,target_regime,portfolio_id,as_of_date,scenario_gate,j_no_action,j_star_grid,j_best_known,improvement_scale
hybrid_qaoa_assisted_v4,x01_volatile_20230404_diversified,qaoa,candidate_budget,OK,,256,256,0,256,81,209.9615289589856,0.2774185420130379,256,256,1.784074724668247,1.784074724668247,10.0,10.0,209.95864379199335,200.0,458.0,0.1548828125,0.43916015625,True,1111111111111111,1,0.0,0.4546030150753769,0.8046875,0.0,0.0,1,0.00390625,0.00390625,0.03515625,1.0,1.0,True,1,1111111111111111,1.784074724668247,0.0,0.0,"[30.0, 30.0, 30.0, 30.0, 30.0, 30.0, 30.0, 30.0]",0.1683007483288936,0.1917368714753351,0.0,0.0001965517241379,3.93103448275862e-05,0.0786206896551724,0.1284493848790969,-0.2314708923544925,0,0.0,0.0,0.0,,,exploratory,volatile,diversified,2023-04-04,FAIL,2.2673687147533514,1.7840747246682467,1.7840747246682467,0.48329399008510476
hybrid_qaoa_assisted_v4,x01_volatile_20230404_diversified,qaoa_transfer,candidate_budget,SHORTFALL,,256,251,5,251,81,59.87286850102828,0.2683497499965597,251,251,1.784074724668247,1.784074724668247,10.0,10.0,59.87110058401595,10.0,100.0,0.2814453125,0.6862304687499999,True,1111111111111111,1,0.0,0.4594020100502511,0.8167330677290837,0.0,0.0,1,0.0039840637450199,0.0039840637450199,0.0358565737051792,1.0,0.96,True,1,1111111111111111,1.784074724668247,0.0,0.0,"[30.0, 30.0, 30.0, 30.0, 30.0, 30.0, 30.0, 30.0]",0.1683007483288936,0.1917368714753351,0.0,0.0001965517241379,3.93103448275862e-05,0.0786206896551724,0.1284493848790969,-0.2314708923544925,0,0.0,0.0,0.0,,,exploratory,volatile,diversified,2023-04-04,FAIL,2.2673687147533514,1.7840747246682467,1.7840747246682467,0.48329399008510476
hybrid_qaoa_assisted_v4,x01_volatile_20230404_diversified,classical_true,candidate_budget,OK,,256,256,0,256,81,0.0013567910064011,0.2661970409972127,256,256,1.784074724668247,1.784074724668247,,,,,,,,True,1111111111111111,155,0.0,0.772894472361809,0.0,0.0,0.0,1,0.00390625,0.00390625,0.03515625,1.0,0.54,True,1,1111111111111111,1.784074724668247,0.0,0.0,"[30.0, 30.0, 30.0, 30.0, 30.0, 30.0, 30.0, 30.0]",0.1683007483288936,0.1917368714753351,0.0,0.0001965517241379,3.93103448275862e-05,0.0786206896551724,0.1284493848790969,-0.2314708923544925,0,0.0,0.0,0.0,,,exploratory,volatile,diversified,2023-04-04,FAIL,2.2673687147533514,1.7840747246682467,1.7840747246682467,0.48329399008510476
hybrid_qaoa_assisted_v4,x01_volatile_20230404_diversified,classical_surrogate,candidate_budget,OK,,256,256,0,256,81,0.0029798330215271,0.2682057500060182,256,256,1.784074724668247,1.784074724668247,,,,,,,,True,1111111111111111,10,0.0,0.8165075376884422,0.91796875,0.0,0.0,1,0.00390625,0.00390625,0.03125,0.8,0.46,True,1,1111111111111111,1.784074724668247,0.0,0.0,"[30.0, 30.0, 30.0, 30.0, 30.0, 30.0, 30.0, 30.0]",0.1683007483288936,0.1917368714753351,0.0,0.0001965517241379,3.93103448275862e-05,0.0786206896551724,0.1284493848790969,-0.2314708923544925,0,0.0,0.0,0.0,,,exploratory,volatile,diversified,2023-04-04,FAIL,2.2673687147533514,1.7840747246682467,1.7840747246682467,0.48329399008510476
hybrid_qaoa_assisted_v4,x01_volatile_20230404_diversified,random_uniform,candidate_budget,OK,,256,256,0,256,102,0.0012270419974811,0.3323002920078579,256,256,1.8263688097707595,1.8052217672195032,,,,,,,,True,1101011111111111,165,0.0422706034570228,1.0014824120603014,0.99609375,0.0422940851025128,0.0237064538372279,41,0.0,0.0,0.0,0.0,0.02,True,1,1101011111111111,1.8263688097707595,0.0211470425512563,0.0457582651234702,"[30.0, 25.0, 25.0, 30.0, 30.0, 30.0, 30.0, 30.0]",0.1693782327564331,0.1917368714753351,0.0,0.0001883620689655,3.767241379310345e-05,0.0753448275862068,0.1251800446894523,-0.2329765612052707,0,0.0211470425512563,0.0211470425512565,0.011853226918614,,,exploratory,volatile,diversified,2023-04-04,FAIL,2.2673687147533514,1.7840747246682467,1.7840747246682467,0.48329399008510476
hybrid_qaoa_assisted_v4,x01_volatile_20230404_diversified,random_stratified,candidate_budget,OK,,256,256,0,256,100,0.0040802909934427,0.3535130840027705,256,256,1.8215741943290764,1.802824459498661,,,,,,,,True,1111111111110101,105,0.0375373611452061,1.0212311557788945,0.9921875,0.0374994696608297,0.0210190016944513,11,0.0,0.0,0.0,0.0,0.02,True,1,1111111111110101,1.8215741943290764,0.018749734830415,0.0403615686090777,"[30.0, 30.0, 30.0, 30.0, 30.0, 30.0, 25.0, 25.0]",0.1691385019843489,0.1917368714753351,0.0,0.0001883620689655,3.767241379310345e-05,0.0753448275862068,0.1251800446894523,-0.232667795130631,0,0.018749734830415,0.0187497348304146,0.0105095008472255,,,exploratory,volatile,diversified,2023-04-04,FAIL,2.2673687147533514,1.7840747246682467,1.7840747246682467,0.48329399008510476
hybrid_qaoa_assisted_v4,x01_volatile_20230404_diversified,boltzmann,candidate_budget,OK,,256,256,0,256,81,0.0721207500027958,0.2683580000011716,256,256,1.784074724668247,1.784074724668247,,,,,,,,True,1111111111111111,1,0.0,0.5442110552763819,0.8046875,0.0,0.0,1,0.00390625,0.00390625,0.03515625,1.0,0.98,True,1,1111111111111111,1.784074724668247,0.0,0.0,"[30.0, 30.0, 30.0, 30.0, 30.0, 30.0, 30.0, 30.0]",0.1683007483288936,0.1917368714753351,0.0,0.0001965517241379,3.93103448275862e-05,0.0786206896551724,0.1284493848790969,-0.2314708923544925,0,0.0,0.0,0.0,77.27277143493453,MATCHED,exploratory,volatile,diversified,2023-04-04,FAIL,2.2673687147533514,1.7840747246682467,1.7840747246682467,0.48329399008510476
hybrid_qaoa_assisted_v4,x01_volatile_20230404_diversified,classical_true_compute,compute_budget,OK,,20000,20000,0,20000,81,0.2311638749961275,0.2799819999781903,20000,20000,1.784074724668247,1.784074724668247,,,,,,,,True,1111111111111111,103,0.0,0.9890954773869348,0.9912,0.0,0.0,1,5e-05,5e-05,0.00045,1.0,1.0,True,1,1111111111111111,1.784074724668247,0.0,0.0,"[30.0, 30.0, 30.0, 30.0, 30.0, 30.0, 30.0, 30.0]",0.1683007483288936,0.1917368714753351,0.0,0.0001965517241379,3.93103448275862e-05,0.0786206896551724,0.1284493848790969,-0.2314708923544925,0,0.0,0.0,0.0,,,exploratory,volatile,diversified,2023-04-04,FAIL,2.2673687147533514,1.7840747246682467,1.7840747246682467,0.48329399008510476
hybrid_qaoa_assisted_v4,x01_volatile_20230404_diversified,random_uniform_compute,compute_budget,OK,,20000,20000,0,20000,91,0.0795858330093324,0.3088063329923898,20000,20000,1.802814730444684,1.7934447275564662,,,,,,,,True,1111111111111101,17336,0.0187429664902163,1.003894472361809,0.9961,0.0187400057764375,0.0105040475700491,2,0.0,0.0,0.0002,0.4,0.3,True,1,1111111111111101,1.802814730444684,0.0093700028882175,0.0197711091680297,"[30.0, 30.0, 30.0, 30.0, 30.0, 30.0, 30.0, 25.0]",0.1687191387039225,0.1917368714753351,0.0,0.0001924568965517,3.8491379310344826e-05,0.0769827586206896,0.1268147080892938,-0.2320854442100017,0,0.0093700028882179,0.0093700028882195,0.0052520237850249,,,exploratory,volatile,diversified,2023-04-04,FAIL,2.2673687147533514,1.7840747246682467,1.7840747246682467,0.48329399008510476
hybrid_qaoa_assisted_v4,x01_volatile_20230404_diversified,classical_true_compute_transfer,compute_budget,OK,,19609,19609,0,19609,81,0.198652207996929,0.2778008749883156,19609,19609,1.784074724668247,1.784074724668247,,,,,,,,True,1111111111111111,89,0.0,0.9837738693467338,0.9917384874292416,0.0,0.0,1,5.099699117752052e-05,5.099699117752052e-05,0.0004589729205976,1.0,1.0,True,1,1111111111111111,1.784074724668247,0.0,0.0,"[30.0, 30.0, 30.0, 30.0, 30.0, 30.0, 30.0, 30.0]",0.1683007483288936,0.1917368714753351,0.0,0.0001965517241379,3.93103448275862e-05,0.0786206896551724,0.1284493848790969,-0.2314708923544925,0,0.0,0.0,0.0,,,exploratory,volatile,diversified,2023-04-04,FAIL,2.2673687147533514,1.7840747246682467,1.7840747246682467,0.48329399008510476
hybrid_qaoa_assisted_v4,x01_volatile_20230404_diversified,random_uniform_compute_transfer,compute_budget,OK,,19609,19609,0,19609,91,0.0794616670173127,0.3090759169717785,19609,19609,1.802814730444684,1.7934447275564662,,,,,,,,True,1111111111111101,416,0.0187429664902163,1.0046984924623117,0.9964302106175736,0.0187400057764375,0.0105040475700491,2,0.0,0.0,0.0001529909735325,0.3,0.4,True,1,1111111111111101,1.802814730444684,0.0093700028882175,0.0197711091680297,"[30.0, 30.0, 30.0, 30.0, 30.0, 30.0, 30.0, 25.0]",0.1687191387039225,0.1917368714753351,0.0,0.0001924568965517,3.8491379310344826e-05,0.0769827586206896,0.1268147080892938,-0.2320854442100017,0,0.0093700028882179,0.0093700028882195,0.0052520237850249,,,exploratory,volatile,diversified,2023-04-04,FAIL,2.2673687147533514,1.7840747246682467,1.7840747246682467,0.48329399008510476
hybrid_qaoa_assisted_v4,x01_volatile_20230404_diversified,heuristic_baselines,ablation,OK,,3,3,0,3,59,3.012499655596912e-05,0.1927181249775458,3,3,1.784074724668247,1.784074724668247,,,,,,,,True,1111111111111111,3,0.0,1.0666666666666669,0.6666666666666666,0.0,0.0,1,0.3333333333333333,0.3333333333333333,0.3333333333333333,0.1,0.02,True,1,1111111111111111,1.784074724668247,0.0,0.0,"[30.0, 30.0, 30.0, 30.0, 30.0, 30.0, 30.0, 30.0]",0.1683007483288936,0.1917368714753351,0.0,0.0001965517241379,3.93103448275862e-05,0.0786206896551724,0.1284493848790969,-0.2314708923544925,0,0.0,0.0,0.0,,,exploratory,volatile,diversified,2023-04-04,FAIL,2.2673687147533514,1.7840747246682467,1.7840747246682467,0.48329399008510476
hybrid_qaoa_assisted_v4,x02_stress_20230103_banking_concentrated,qaoa,candidate_budget,OK,,256,256,0,256,53,206.62486858398188,0.1846985000011045,256,256,1.1027413505517327,1.1027413505517327,10.0,10.0,206.62221791699992,200.0,451.0,0.00126953125,0.497265625,True,1111111100111111,94,0.0,0.4553467336683416,0.90625,0.0,0.0,1,0.1875,0.41796875,0.60546875,1.0,1.0,True,1,1111111100111111,1.1027413505517327,0.0,0.0,"[30.0, 30.0, 30.0, 30.0, 0.0, 30.0, 30.0, 30.0]",0.1054283711976917,0.1222280727794976,0.0028582152149629,0.0002493749999999,4.987499999999999e-05,0.0997499999999999,0.1495379160178069,-0.1822991613111293,0,0.0,0.0,0.0,,,exploratory,stress,banking_concentrated,2023-01-03,PASS,1.5722807277949764,1.1027413505517327,1.1027413505517327,0.4695393772432437
hybrid_qaoa_assisted_v4,x02_stress_20230103_banking_concentrated,qaoa_transfer,candidate_budget,OK,,256,256,0,256,53,59.14055645701592,0.1882805409841239,256,256,1.1027413505517327,1.1027413505517327,10.0,10.0,59.13838179101003,10.0,100.0,0.0001953125,0.6599609375000001,True,1111111100111111,152,0.0,0.4494070351758794,0.91015625,0.0,0.0,1,0.15625,0.37109375,0.5390625,0.8,0.84,True,1,1111111100111111,1.1027413505517327,0.0,0.0,"[30.0, 30.0, 30.0, 30.0, 0.0, 30.0, 30.0, 30.0]",0.1054283711976917,0.1222280727794976,0.0028582152149629,0.0002493749999999,4.987499999999999e-05,0.0997499999999999,0.1495379160178069,-0.1822991613111293,0,0.0,0.0,0.0,,,exploratory,stress,banking_concentrated,2023-01-03,PASS,1.5722807277949764,1.1027413505517327,1.1027413505517327,0.4695393772432437
hybrid_qaoa_assisted_v4,x02_stress_20230103_banking_concentrated,classical_true,candidate_budget,OK,,256,256,0,256,56,0.0012508750078268,0.1905005830049049,256,256,1.103373673376343,1.103373673376343,,,,,,,,True,1111111110110111,112,0.0204884133828928,0.8244070351758794,0.0,0.0006323228246103,0.0005734099154747,3,0.01953125,0.03125,0.05859375,0.1,0.1,True,1,1111111110110111,1.103373673376343,0.0,0.0,"[30.0, 30.0, 30.0, 30.0, 10.0, 30.0, 20.0, 30.0]",0.1052802538274694,0.1222280727794976,0.0032809145203297,0.0002493749999999,4.987499999999999e-05,0.0997499999999999,0.1495379160178069,-0.1811022645448954,0,0.0,0.0006323228246103,0.0005734099154747,,,exploratory,stress,banking_concentrated,2023-01-03,PASS,1.5722807277949764,1.1027413505517327,1.1027413505517327,0.4695393772432437
hybrid_qaoa_assisted_v4,x02_stress_20230103_banking_concentrated,classical_surrogate,candidate_budget,OK,,256,256,0,256,60,0.0029314999992493,0.2032002089836169,256,256,1.1039142387981975,1.1039142387981975,,,,,,,,True,1111111101110101,46,0.0,0.8101055276381909,0.9453125,0.0011728882464649,0.0010636113771177,5,0.0546875,0.09375,0.1484375,0.1,0.28,True,1,1111111101110101,1.1039142387981975,0.0,0.0,"[30.0, 30.0, 30.0, 30.0, 20.0, 30.0, 20.0, 20.0]",0.1050778829224839,0.1222280727794976,0.0037937694146716,0.0002493749999999,4.987499999999999e-05,0.0997499999999999,0.1495379160178069,-0.1798013143000087,0,0.0,0.0011728882464649,0.0010636113771177,,,exploratory,stress,banking_concentrated,2023-01-03,PASS,1.5722807277949764,1.1027413505517327,1.1027413505517327,0.4695393772432437
hybrid_qaoa_assisted_v4,x02_stress_20230103_banking_concentrated,random_uniform,candidate_budget,OK,,256,256,0,256,106,0.0011978749826084,0.3483146659855265,256,256,1.119612951052805,1.106010570786646,,,,,,,,True,1101011111111111,165,0.0467084769409034,1.0014824120603014,0.9921875,0.0168716005010722,0.0152996897165694,151,0.0,0.0,0.00390625,0.0,0.0,True,3,1111010101110101,1.148405870839747,0.0423953000531014,0.0909243266288303,"[30.0, 30.0, 25.0, 25.0, 25.0, 30.0, 20.0, 25.0]",0.1052595514907211,0.1222280727794976,0.0038496986758869,0.0002493749999999,4.987499999999999e-05,0.0997499999999999,0.1495379160178069,-0.1797777853975428,0,0.0136023802661591,0.0032692202349131,0.0029646301313335,,,exploratory,stress,banking_concentrated,2023-01-03,PASS,1.5722807277949764,1.1027413505517327,1.1027413505517327,0.4695393772432437
hybrid_qaoa_assisted_v4,x02_stress_20230103_banking_concentrated,random_stratified,candidate_budget,OK,,256,256,0,256,97,0.0038823329959996,0.3179266250226646,256,256,1.1072896529329137,1.1042579954212823,,,,,,,,True,1101111101110111,25,0.040925900737019,1.0212311557788945,0.99609375,0.0045483023811807,0.0041245414247911,36,0.00390625,0.00390625,0.0078125,0.0,0.02,True,2,1111111111110101,1.1138603553930166,0.0096023599717343,0.0205168666125116,"[30.0, 30.0, 30.0, 30.0, 25.0, 30.0, 20.0, 15.000000000000002]",0.1049840448612069,0.1222280727794976,0.0040501968618426,0.000249375,4.9875e-05,0.0997499999999999,0.1495379160178069,-0.1791508391775655,0,0.0030316575116311,0.0015166448695496,0.0013753405263988,,,exploratory,stress,banking_concentrated,2023-01-03,PASS,1.5722807277949764,1.1027413505517327,1.1027413505517327,0.4695393772432437
hybrid_qaoa_assisted_v4,x02_stress_20230103_banking_concentrated,boltzmann,candidate_budget,OK,,256,256,0,256,53,0.0720128749962896,0.1880799579957965,256,256,1.1027413505517327,1.1027413505517327,,,,,,,,True,1111111100111111,83,0.0,0.5187939698492462,0.9296875,0.0,0.0,1,0.15234375,0.33203125,0.49609375,1.0,0.8,True,1,1111111100111111,1.1027413505517327,0.0,0.0,"[30.0, 30.0, 30.0, 30.0, 0.0, 30.0, 30.0, 30.0]",0.1054283711976917,0.1222280727794976,0.0028582152149629,0.0002493749999999,4.987499999999999e-05,0.0997499999999999,0.1495379160178069,-0.1822991613111293,0,0.0,0.0,0.0,76.90331722773388,MATCHED,exploratory,stress,banking_concentrated,2023-01-03,PASS,1.5722807277949764,1.1027413505517327,1.1027413505517327,0.4695393772432437
hybrid_qaoa_assisted_v4,x02_stress_20230103_banking_concentrated,classical_true_compute,compute_budget,OK,,20000,20000,0,20000,53,0.148309624986723,0.1945197920140344,20000,20000,1.1027413505517327,1.1027413505517327,,,,,,,,True,1111111100111111,1549,0.0,1.0069145728643216,0.99215,0.0,0.0,1,0.0024,0.0056,0.00815,1.0,1.0,True,1,1111111100111111,1.1027413505517327,0.0,0.0,"[30.0, 30.0, 30.0, 30.0, 0.0, 30.0, 30.0, 30.0]",0.1054283711976917,0.1222280727794976,0.0028582152149629,0.0002493749999999,4.987499999999999e-05,0.0997499999999999,0.1495379160178069,-0.1822991613111293,0,0.0,0.0,0.0,,,exploratory,stress,banking_concentrated,2023-01-03,PASS,1.5722807277949764,1.1027413505517327,1.1027413505517327,0.4695393772432437
hybrid_qaoa_assisted_v4,x02_stress_20230103_banking_concentrated,random_uniform_compute,compute_budget,OK,,20000,20000,0,20000,52,0.0797144999960437,0.1814212499884888,20000,20000,1.1027413505517327,1.1027413505517327,,,,,,,,True,1111111100111111,13084,0.020440153210532,1.003894472361809,0.99605,0.0,0.0,1,0.00095,0.00195,0.0026,0.5,0.42,True,1,1111111100111111,1.1027413505517327,0.0,0.0,"[30.0, 30.0, 30.0, 30.0, 0.0, 30.0, 30.0, 30.0]",0.1054283711976917,0.1222280727794976,0.0028582152149629,0.0002493749999999,4.987499999999999e-05,0.0997499999999999,0.1495379160178069,-0.1822991613111293,0,0.0,0.0,0.0,,,exploratory,stress,banking_concentrated,2023-01-03,PASS,1.5722807277949764,1.1027413505517327,1.1027413505517327,0.4695393772432437
hybrid_qaoa_assisted_v4,x02_stress_20230103_banking_concentrated,classical_true_compute_transfer,compute_budget,OK,,18608,18608,0,18608,53,0.1182967500062659,0.1800400840002112,18608,18608,1.1027413505517327,1.1027413505517327,,,,,,,,True,1111111100111111,8901,0.0,0.9768442211055276,0.9918852106620808,0.0,0.0,1,0.0025795356835769,0.0059651762682717,0.0087596732588134,1.0,1.0,True,1,1111111100111111,1.1027413505517327,0.0,0.0,"[30.0, 30.0, 30.0, 30.0, 0.0, 30.0, 30.0, 30.0]",0.1054283711976917,0.1222280727794976,0.0028582152149629,0.0002493749999999,4.987499999999999e-05,0.0997499999999999,0.1495379160178069,-0.1822991613111293,0,0.0,0.0,0.0,,,exploratory,stress,banking_concentrated,2023-01-03,PASS,1.5722807277949764,1.1027413505517327,1.1027413505517327,0.4695393772432437
hybrid_qaoa_assisted_v4,x02_stress_20230103_banking_concentrated,random_uniform_compute_transfer,compute_budget,OK,,18608,18608,0,18608,56,0.0843603330140467,0.2136880829930305,18608,18608,1.1044396048803309,1.1044396048803309,,,,,,,,True,1111110110111111,10918,0.0219980854876715,0.9924120603015076,0.9965068787618228,0.0016982543285979,0.0015400296068958,7,0.0007523645743766,0.0017734307824591,0.0028482373172828,0.2,0.32,True,1,1111110110111111,1.1044396048803309,0.0,0.0,"[30.0, 30.0, 30.0, 20.0, 10.0, 30.0, 30.0, 30.0]",0.1054734621181006,0.1222280727794976,0.0031076842398649,0.000249375,4.9875e-05,0.0997499999999999,0.1495379160178069,-0.1817061275662377,0,0.0,0.0016982543285979,0.0015400296068958,,,exploratory,stress,banking_concentrated,2023-01-03,PASS,1.5722807277949764,1.1027413505517327,1.1027413505517327,0.4695393772432437
hybrid_qaoa_assisted_v4,x02_stress_20230103_banking_concentrated,heuristic_baselines,ablation,OK,,3,3,0,3,67,2.0292005501687527e-05,0.206334708025679,3,3,1.1392863521778998,1.1084507667588228,,,,,,,,True,1111111111111111,3,0.0,1.0666666666666669,1.0,0.036545001626167,0.0331401389889682,480,0.0,0.0,0.0,0.0,0.0,True,1,1111111111111111,1.1392863521779009,0.030835585419078,0.0664803656714934,"[30.0, 25.0, 25.0, 25.0, 25.0, 25.0, 30.0, 25.0]",0.1054581887416979,0.1222280727794976,0.0039404633683686,0.000249375,4.9875e-05,0.0997499999999999,0.1495379160178069,-0.1803412565291227,0,0.0308355854190769,0.00570941620709,0.0051774753927868,,,exploratory,stress,banking_concentrated,2023-01-03,PASS,1.5722807277949764,1.1027413505517327,1.1027413505517327,0.4695393772432437
hybrid_qaoa_assisted_v4,x03_normal_20230621_high_volatility,qaoa,candidate_budget,OK,,256,256,0,256,50,178.6650811659929,0.167674917000113,256,256,1.0941027204168248,1.094102720416825,10.0,10.0,178.6619658329873,200.0,385.0,0.038671875,0.388671875,True,1111111111011111,4,0.0,0.4619547738693468,0.875,0.0,0.0,1,0.02734375,0.03125,0.09765625,1.0,1.0,True,1,1111111111011111,1.094102720416825,0.0,0.0,"[30.0, 30.0, 30.0, 30.0, 30.0, 20.0, 30.0, 30.0]",0.1061089041044978,0.1251866523323604,0.0,0.0002502852906657,5.005705813314704e-05,0.100114116266294,0.1499013490783536,-0.1854297037527182,0,-2.220446049250313e-16,0.0,0.0,,,exploratory,normal,high_volatility,2023-06-21,PASS,1.6018665233236042,1.0941027204168248,1.094102720416825,0.5077638029067792
hybrid_qaoa_assisted_v4,x03_normal_20230621_high_volatility,qaoa_transfer,candidate_budget,OK,,256,256,0,256,50,59.59795554197626,0.1689096660120412,256,256,1.0941027204168248,1.094102720416825,10.0,10.0,59.59542587498436,10.0,100.0,0.05087890625,0.583203125,True,1111111111011111,4,0.0,0.4625025125628141,0.890625,0.0,0.0,1,0.02734375,0.03125,0.09765625,1.0,0.98,True,1,1111111111011111,1.094102720416825,0.0,0.0,"[30.0, 30.0, 30.0, 30.0, 30.0, 20.0, 30.0, 30.0]",0.1061089041044978,0.1251866523323604,0.0,0.0002502852906657,5.005705813314704e-05,0.100114116266294,0.1499013490783536,-0.1854297037527182,0,-2.220446049250313e-16,0.0,0.0,,,exploratory,normal,high_volatility,2023-06-21,PASS,1.6018665233236042,1.0941027204168248,1.094102720416825,0.5077638029067792
hybrid_qaoa_assisted_v4,x03_normal_20230621_high_volatility,classical_true,candidate_budget,OK,,256,256,0,256,75,0.0012470840010792,0.2372770000074524,256,256,1.0941027204168248,1.094102720416825,,,,,,,,True,1111111111011111,146,0.0,0.8454572864321608,0.0,0.0,0.0,1,0.0078125,0.01171875,0.02734375,0.3,0.24,True,1,1111111111011111,1.094102720416825,0.0,0.0,"[30.0, 30.0, 30.0, 30.0, 30.0, 20.0, 30.0, 30.0]",0.1061089041044978,0.1251866523323604,0.0,0.0002502852906657,5.005705813314704e-05,0.100114116266294,0.1499013490783536,-0.1854297037527182,0,-2.220446049250313e-16,0.0,0.0,,,exploratory,normal,high_volatility,2023-06-21,PASS,1.6018665233236042,1.0941027204168248,1.094102720416825,0.5077638029067792
hybrid_qaoa_assisted_v4,x03_normal_20230621_high_volatility,classical_surrogate,candidate_budget,OK,,256,256,0,256,50,0.0027715409814845,0.1635012910119258,256,256,1.0941027204168248,1.094102720416825,,,,,,,,True,1111111111011111,100,0.0,0.8061105527638192,0.9375,0.0,0.0,1,0.01953125,0.0234375,0.06640625,0.7,0.46,True,1,1111111111011111,1.094102720416825,0.0,0.0,"[30.0, 30.0, 30.0, 30.0, 30.0, 20.0, 30.0, 30.0]",0.1061089041044978,0.1251866523323604,0.0,0.0002502852906657,5.005705813314704e-05,0.100114116266294,0.1499013490783536,-0.1854297037527182,0,-2.220446049250313e-16,0.0,0.0,,,exploratory,normal,high_volatility,2023-06-21,PASS,1.6018665233236042,1.0941027204168248,1.094102720416825,0.5077638029067792
hybrid_qaoa_assisted_v4,x03_normal_20230621_high_volatility,random_uniform,candidate_budget,OK,,256,256,0,256,102,0.0011694580025505,0.319344416988315,256,256,1.1202678361526428,1.097517084121839,,,,,,,,True,1101011111111111,165,0.0462404494595096,1.0014824120603014,0.9921875,0.026165115735818,0.0239146793509934,35,0.0,0.0,0.0,0.0,0.02,True,1,1101011111111111,1.1202678361526437,0.0227507520308047,0.0451091054385079,"[30.0, 25.0, 25.0, 30.0, 30.0, 30.0, 30.0, 30.0]",0.1064743838519918,0.1251866523323604,0.0,0.0002507522080589,5.015044161178126e-05,0.1003008832235625,0.1500877658541942,-0.1859977227480849,0,0.0227507520308041,0.0034143637050136,0.0031206975737277,,,exploratory,normal,high_volatility,2023-06-21,PASS,1.6018665233236042,1.0941027204168248,1.094102720416825,0.5077638029067792
hybrid_qaoa_assisted_v4,x03_normal_20230621_high_volatility,random_stratified,candidate_budget,OK,,256,256,0,256,100,0.0036340839869808,0.3302680409979075,256,256,1.1113086566309935,1.094396734383448,,,,,,,,True,1111111111110101,105,0.0372345671481604,1.0212311557788945,1.0,0.0172059362141687,0.0157260702245706,14,0.0,0.0,0.00390625,0.0,0.02,True,1,1111111111110101,1.1113086566309935,0.0169119222475455,0.0333259685918759,"[30.0, 30.0, 30.0, 30.0, 30.0, 30.0, 25.0, 25.0]",0.1060882382784811,0.1251866523323604,0.0,0.0002512377016695,5.024754033391894e-05,0.1004950806678378,0.1502815993697972,-0.1855513897912799,0,0.0169119222475455,0.0002940139666229,0.0002687261087432,,,exploratory,normal,high_volatility,2023-06-21,PASS,1.6018665233236042,1.0941027204168248,1.094102720416825,0.5077638029067792
hybrid_qaoa_assisted_v4,x03_normal_20230621_high_volatility,boltzmann,candidate_budget,OK,,256,256,0,256,50,0.0761418750043958,0.1875087079824879,256,256,1.0941027204168248,1.094102720416825,,,,,,,,True,1111111111011111,5,0.0,0.5475376884422111,0.90234375,0.0,0.0,1,0.02734375,0.03125,0.09765625,1.0,0.96,True,1,1111111111011111,1.094102720416825,0.0,0.0,"[30.0, 30.0, 30.0, 30.0, 30.0, 20.0, 30.0, 30.0]",0.1061089041044978,0.1251866523323604,0.0,0.0002502852906657,5.005705813314704e-05,0.100114116266294,0.1499013490783536,-0.1854297037527182,0,-2.220446049250313e-16,0.0,0.0,70.19383685376437,MATCHED,exploratory,normal,high_volatility,2023-06-21,PASS,1.6018665233236042,1.0941027204168248,1.094102720416825,0.5077638029067792
hybrid_qaoa_assisted_v4,x03_normal_20230621_high_volatility,classical_true_compute,compute_budget,OK,,20000,20000,0,20000,50,0.2003446659946348,0.1885166660067625,20000,20000,1.0941027204168248,1.094102720416825,,,,,,,,True,1111111111011111,632,0.0,1.0124120603015074,0.992,0.0,0.0,1,0.00035,0.0004,0.00125,1.0,1.0,True,1,1111111111011111,1.094102720416825,0.0,0.0,"[30.0, 30.0, 30.0, 30.0, 30.0, 20.0, 30.0, 30.0]",0.1061089041044978,0.1251866523323604,0.0,0.0002502852906657,5.005705813314704e-05,0.100114116266294,0.1499013490783536,-0.1854297037527182,0,-2.220446049250313e-16,0.0,0.0,,,exploratory,normal,high_volatility,2023-06-21,PASS,1.6018665233236042,1.0941027204168248,1.094102720416825,0.5077638029067792
hybrid_qaoa_assisted_v4,x03_normal_20230621_high_volatility,random_uniform_compute,compute_budget,OK,,20000,20000,0,20000,59,0.1136961250158492,0.2117564579821191,20000,20000,1.0941027204168248,1.094102720416825,,,,,,,,True,1111111111011111,16532,0.0171605709143718,1.003894472361809,0.9961,0.0,0.0,1,0.0002,0.0002,0.00045,0.4,0.32,True,1,1111111111011111,1.094102720416825,0.0,0.0,"[30.0, 30.0, 30.0, 30.0, 30.0, 20.0, 30.0, 30.0]",0.1061089041044978,0.1251866523323604,0.0,0.0002502852906657,5.005705813314704e-05,0.100114116266294,0.1499013490783536,-0.1854297037527182,0,-2.220446049250313e-16,0.0,0.0,,,exploratory,normal,high_volatility,2023-06-21,PASS,1.6018665233236042,1.0941027204168248,1.094102720416825,0.5077638029067792
hybrid_qaoa_assisted_v4,x03_normal_20230621_high_volatility,classical_true_compute_transfer,compute_budget,OK,,19769,19769,0,19769,50,0.1786389159969985,0.1829280410020146,19769,19769,1.0941027204168248,1.094102720416825,,,,,,,,True,1111111111011111,210,0.0,0.9726683417085428,0.9931205422631392,0.0,0.0,1,0.000354089736456,0.0004046739845212,0.0012646062016288,1.0,1.0,True,1,1111111111011111,1.094102720416825,0.0,0.0,"[30.0, 30.0, 30.0, 30.0, 30.0, 20.0, 30.0, 30.0]",0.1061089041044978,0.1251866523323604,0.0,0.0002502852906657,5.005705813314704e-05,0.100114116266294,0.1499013490783536,-0.1854297037527182,0,-2.220446049250313e-16,0.0,0.0,,,exploratory,normal,high_volatility,2023-06-21,PASS,1.6018665233236042,1.0941027204168248,1.094102720416825,0.5077638029067792
hybrid_qaoa_assisted_v4,x03_normal_20230621_high_volatility,random_uniform_compute_transfer,compute_budget,OK,,19769,19769,0,19769,76,0.0799067080079112,0.2643720840278547,19769,19769,1.0941027204168248,1.094102720416825,,,,,,,,True,1111111111011111,10796,0.0171605709143718,0.9959195979899496,0.996003844402853,0.0,0.0,1,0.0001011684961303,0.0001011684961303,0.0005564267287166,0.3,0.4,True,1,1111111111011111,1.094102720416825,0.0,0.0,"[30.0, 30.0, 30.0, 30.0, 30.0, 20.0, 30.0, 30.0]",0.1061089041044978,0.1251866523323604,0.0,0.0002502852906657,5.005705813314704e-05,0.100114116266294,0.1499013490783536,-0.1854297037527182,0,-2.220446049250313e-16,0.0,0.0,,,exploratory,normal,high_volatility,2023-06-21,PASS,1.6018665233236042,1.0941027204168248,1.094102720416825,0.5077638029067792
hybrid_qaoa_assisted_v4,x03_normal_20230621_high_volatility,heuristic_baselines,ablation,OK,,3,3,0,3,67,2.087498432956636e-05,0.2080582499911543,3,3,1.1039688493639157,1.098658985316703,,,,,,,,True,1111111111111111,3,0.0,1.0666666666666669,0.6666666666666666,0.0098661289470907,0.0090175527059579,8,0.0,0.3333333333333333,0.3333333333333333,0.1,0.02,True,1,1111111111111111,1.1039688493639157,0.0053098640472126,0.0105520359815036,"[25.0, 30.0, 30.0, 30.0, 25.0, 30.0, 30.0, 30.0]",0.1064860514929725,0.1251866523323604,0.0,0.0002496656372783,4.993312745566873e-05,0.0998662549113374,0.149653952723537,-0.1863341234374556,0,0.0053098640472124,0.004556264899878,0.0041643849474592,,,exploratory,normal,high_volatility,2023-06-21,PASS,1.6018665233236042,1.0941027204168248,1.094102720416825,0.5077638029067792
hybrid_qaoa_assisted_v4,x04_volatile_20231016_high_cash,qaoa,candidate_budget,OK,,256,256,0,256,81,185.03341245799675,0.2686383749824017,256,256,1.1843422602217382,1.1843422602217388,10.0,10.0,185.02942062501097,200.0,392.0,0.11611328125,0.35439453125,True,1111111111111111,1,0.0,0.4599849246231156,0.765625,0.0,0.0,1,0.00390625,0.00390625,0.03515625,1.0,1.0,True,1,1111111111111111,1.1843422602217388,0.0,0.0,"[30.0, 30.0, 30.0, 30.0, 30.0, 30.0, 30.0, 30.0]",0.1017766398152773,0.1161976710362633,0.0,0.0001448275862068,2.896551724137931e-05,0.0579310344827586,0.357838031714938,-0.1638113173710159,0,-6.661338147750939e-16,0.0,0.0,,,exploratory,volatile,high_cash,2023-10-16,PASS,1.511976710362633,1.1843422602217382,1.1843422602217388,0.3276344501408941
hybrid_qaoa_assisted_v4,x04_volatile_20231016_high_cash,qaoa_transfer,candidate_budget,OK,,256,256,0,256,81,59.07561133298441,0.2505711250123568,256,256,1.1843422602217382,1.1843422602217388,10.0,10.0,59.07372462499188,10.0,100.0,0.303515625,0.7001953125,True,1111111111111111,1,0.0,0.4521005025125629,0.8125,0.0,0.0,1,0.00390625,0.00390625,0.03515625,1.0,0.9,True,1,1111111111111111,1.1843422602217388,0.0,0.0,"[30.0, 30.0, 30.0, 30.0, 30.0, 30.0, 30.0, 30.0]",0.1017766398152773,0.1161976710362633,0.0,0.0001448275862068,2.896551724137931e-05,0.0579310344827586,0.357838031714938,-0.1638113173710159,0,-6.661338147750939e-16,0.0,0.0,,,exploratory,volatile,high_cash,2023-10-16,PASS,1.511976710362633,1.1843422602217382,1.1843422602217388,0.3276344501408941
hybrid_qaoa_assisted_v4,x04_volatile_20231016_high_cash,classical_true,candidate_budget,OK,,256,256,0,256,81,0.0012322089751251,0.2489829169935546,256,256,1.1843422602217382,1.1843422602217388,,,,,,,,True,1111111111111111,155,0.0,0.772894472361809,0.0,0.0,0.0,1,0.00390625,0.00390625,0.03515625,1.0,0.54,True,1,1111111111111111,1.1843422602217388,0.0,0.0,"[30.0, 30.0, 30.0, 30.0, 30.0, 30.0, 30.0, 30.0]",0.1017766398152773,0.1161976710362633,0.0,0.0001448275862068,2.896551724137931e-05,0.0579310344827586,0.357838031714938,-0.1638113173710159,0,-6.661338147750939e-16,0.0,0.0,,,exploratory,volatile,high_cash,2023-10-16,PASS,1.511976710362633,1.1843422602217382,1.1843422602217388,0.3276344501408941
hybrid_qaoa_assisted_v4,x04_volatile_20231016_high_cash,classical_surrogate,candidate_budget,OK,,256,256,0,256,81,0.0028012080001644,0.2499457920202985,256,256,1.1843422602217382,1.1843422602217388,,,,,,,,True,1111111111111111,10,0.0,0.8165075376884422,0.91796875,0.0,0.0,1,0.00390625,0.00390625,0.03125,0.8,0.46,True,1,1111111111111111,1.1843422602217388,0.0,0.0,"[30.0, 30.0, 30.0, 30.0, 30.0, 30.0, 30.0, 30.0]",0.1017766398152773,0.1161976710362633,0.0,0.0001448275862068,2.896551724137931e-05,0.0579310344827586,0.357838031714938,-0.1638113173710159,0,-6.661338147750939e-16,0.0,0.0,,,exploratory,volatile,high_cash,2023-10-16,PASS,1.511976710362633,1.1843422602217382,1.1843422602217388,0.3276344501408941
hybrid_qaoa_assisted_v4,x04_volatile_20231016_high_cash,random_uniform,candidate_budget,OK,,256,256,0,256,102,0.0011697919981088,0.3109701659996062,256,256,1.2127529987220729,1.1985476294719049,,,,,,,,True,1101011111111111,165,0.0283904574246451,1.0014824120603014,0.99609375,0.0284107385003344,0.0239886217477499,39,0.0,0.0,0.0,0.0,0.02,True,1,1101011111111111,1.2127529987220724,0.0142053692501675,0.0453224353330508,"[30.0, 25.0, 25.0, 30.0, 30.0, 30.0, 30.0, 30.0]",0.1024329094989146,0.1161976710362633,0.0,0.0001387931034482,2.775862068965517e-05,0.0555172413793103,0.355427779200389,-0.164833908946446,0,0.0142053692501677,0.014205369250166,0.0119943108738739,,,exploratory,volatile,high_cash,2023-10-16,PASS,1.511976710362633,1.1843422602217382,1.1843422602217388,0.3276344501408941
hybrid_qaoa_assisted_v4,x04_volatile_20231016_high_cash,random_stratified,candidate_budget,OK,,256,256,0,256,100,0.0036091250076424,0.3072154590045102,256,256,1.2097368452007708,1.1970395527112545,,,,,,,,True,1111111111110101,105,0.0253626258667718,1.0212311557788945,0.9921875,0.0253945849790326,0.0214419309619823,11,0.0,0.0,0.0,0.0,0.02,True,1,1111111111110101,1.2097368452007708,0.0126972924895165,0.0403169082499052,"[30.0, 30.0, 30.0, 30.0, 30.0, 30.0, 25.0, 25.0]",0.1022821018228495,0.1161976710362633,0.0,0.0001387931034482,2.775862068965517e-05,0.0555172413793103,0.355427779200389,-0.164648010393829,0,0.0126972924895165,0.0126972924895154,0.0107209654809904,,,exploratory,volatile,high_cash,2023-10-16,PASS,1.511976710362633,1.1843422602217382,1.1843422602217388,0.3276344501408941
hybrid_qaoa_assisted_v4,x04_volatile_20231016_high_cash,boltzmann,candidate_budget,OK,,256,256,0,256,81,0.0724024999944958,0.2493783330137375,256,256,1.1843422602217382,1.1843422602217388,,,,,,,,True,1111111111111111,2,0.0,0.5659145728643216,0.8125,0.0,0.0,1,0.00390625,0.00390625,0.03515625,1.0,0.98,True,1,1111111111111111,1.1843422602217388,0.0,0.0,"[30.0, 30.0, 30.0, 30.0, 30.0, 30.0, 30.0, 30.0]",0.1017766398152773,0.1161976710362633,0.0,0.0001448275862068,2.896551724137931e-05,0.0579310344827586,0.357838031714938,-0.1638113173710159,0,-6.661338147750939e-16,0.0,0.0,105.07214428197184,MATCHED,exploratory,volatile,high_cash,2023-10-16,PASS,1.511976710362633,1.1843422602217382,1.1843422602217388,0.3276344501408941
hybrid_qaoa_assisted_v4,x04_volatile_20231016_high_cash,classical_true_compute,compute_budget,OK,,20000,20000,0,20000,81,0.1861675410182215,0.2628370000165887,20000,20000,1.1843422602217382,1.1843422602217388,,,,,,,,True,1111111111111111,103,0.0,0.9890954773869348,0.9912,0.0,0.0,1,5e-05,5e-05,0.00045,1.0,1.0,True,1,1111111111111111,1.1843422602217388,0.0,0.0,"[30.0, 30.0, 30.0, 30.0, 30.0, 30.0, 30.0, 30.0]",0.1017766398152773,0.1161976710362633,0.0,0.0001448275862068,2.896551724137931e-05,0.0579310344827586,0.357838031714938,-0.1638113173710159,0,-6.661338147750939e-16,0.0,0.0,,,exploratory,volatile,high_cash,2023-10-16,PASS,1.511976710362633,1.1843422602217382,1.1843422602217388,0.3276344501408941
hybrid_qaoa_assisted_v4,x04_volatile_20231016_high_cash,random_uniform_compute,compute_budget,OK,,20000,20000,0,20000,91,0.1060516670113429,0.2898037499981001,20000,20000,1.1969659894763702,1.1906541248490543,,,,,,,,True,1111111111111101,17336,0.0126117962038716,1.003894472361809,0.9961,0.012623729254632,0.0106588523255672,2,0.0,0.0,0.0002,0.4,0.3,True,1,1111111111111101,1.1969659894763702,0.0063118646273157,0.0196433892663576,"[30.0, 30.0, 30.0, 30.0, 30.0, 30.0, 30.0, 25.0]",0.1020256926573192,0.1161976710362633,0.0,0.0001418103448275,2.836206896551724e-05,0.0567241379310344,0.356632901820991,-0.1642413817035093,0,0.0063118646273157,0.0063118646273157,0.0053294261627833,,,exploratory,volatile,high_cash,2023-10-16,PASS,1.511976710362633,1.1843422602217382,1.1843422602217388,0.3276344501408941
hybrid_qaoa_assisted_v4,x04_volatile_20231016_high_cash,classical_true_compute_transfer,compute_budget,OK,,19031,19031,0,19031,81,0.1704279160185251,0.2607833329821005,19031,19031,1.1843422602217382,1.1843422602217388,,,,,,,,True,1111111111111111,89,0.0,0.9786733668341708,0.9915926645998634,0.0,0.0,1,5.254584625085387e-05,5.254584625085387e-05,0.0004729126162576,1.0,1.0,True,1,1111111111111111,1.1843422602217388,0.0,0.0,"[30.0, 30.0, 30.0, 30.0, 30.0, 30.0, 30.0, 30.0]",0.1017766398152773,0.1161976710362633,0.0,0.0001448275862068,2.896551724137931e-05,0.0579310344827586,0.357838031714938,-0.1638113173710159,0,-6.661338147750939e-16,0.0,0.0,,,exploratory,volatile,high_cash,2023-10-16,PASS,1.511976710362633,1.1843422602217382,1.1843422602217388,0.3276344501408941
hybrid_qaoa_assisted_v4,x04_volatile_20231016_high_cash,random_uniform_compute_transfer,compute_budget,OK,,19031,19031,0,19031,92,0.0733057080069556,0.290122957987478,19031,19031,1.1973825042288904,1.1908623822253146,,,,,,,,True,1111111111011111,10058,0.0130307925227124,0.9839045226130654,0.996426882454942,0.0130402440071522,0.0110105367722931,4,0.0,0.0,0.0001050916925017,0.2,0.36,True,1,1111111111011111,1.19738250422889,0.0065201220035755,0.0203046747910524,"[30.0, 30.0, 30.0, 30.0, 30.0, 25.0, 30.0, 30.0]",0.1020465183949452,0.1161976710362633,0.0,0.0001418103448275,2.836206896551724e-05,0.0567241379310344,0.356632901820991,-0.1641206831411867,0,0.0065201220035757,0.0065201220035757,0.0055052683861462,,,exploratory,volatile,high_cash,2023-10-16,PASS,1.511976710362633,1.1843422602217382,1.1843422602217388,0.3276344501408941
hybrid_qaoa_assisted_v4,x04_volatile_20231016_high_cash,heuristic_baselines,ablation,OK,,3,3,0,3,59,1.7291982658207417e-05,0.190458375000162,3,3,1.1843422602217382,1.1843422602217388,,,,,,,,True,1111111111111111,3,0.0,1.0666666666666669,0.6666666666666666,0.0,0.0,1,0.3333333333333333,0.3333333333333333,0.3333333333333333,0.1,0.02,True,1,1111111111111111,1.1843422602217388,0.0,0.0,"[30.0, 30.0, 30.0, 30.0, 30.0, 30.0, 30.0, 30.0]",0.1017766398152773,0.1161976710362633,0.0,0.0001448275862068,2.896551724137931e-05,0.0579310344827586,0.357838031714938,-0.1638113173710159,0,-6.661338147750939e-16,0.0,0.0,,,exploratory,volatile,high_cash,2023-10-16,PASS,1.511976710362633,1.1843422602217382,1.1843422602217388,0.3276344501408941
hybrid_qaoa_assisted_v4,x05_stress_20231222_do_not_sell,qaoa,candidate_budget,OK,,256,256,0,256,81,162.40012466697954,0.2562957089976407,256,256,1.0747013509770411,1.0747013509770411,10.0,10.0,162.39476912497776,200.0,347.0,0.0275390625,0.12548828125,True,1111111111111111,1,0.0,0.4955276381909548,0.78515625,0.0,0.0,1,0.03515625,0.3203125,0.859375,1.0,1.0,True,1,1111111111111111,1.0747013509770411,0.0,0.0,"[30.0, 30.0, 30.0, 30.0, 30.0, 30.0, 30.0, 30.0]",0.1030340640248494,0.1178924797727714,0.0032121611412384,0.000217691577095,4.353831541900711e-05,0.0870766308380142,0.1368887387863521,-0.1832765433168338,0,0.0,0.0,0.0,,,exploratory,stress,do_not_sell,2023-12-22,PASS,1.1789247977277144,1.0747013509770413,1.0747013509770413,0.10422344675067308
hybrid_qaoa_assisted_v4,x05_stress_20231222_do_not_sell,qaoa_transfer,candidate_budget,OK,,256,256,0,256,81,59.59796641700086,0.2545214999991003,256,256,1.0747013509770411,1.0747013509770411,10.0,10.0,59.594004959013546,10.0,100.0,0.05029296875,0.2076171875,True,1111111111111111,1,0.0,0.506537688442211,0.80078125,0.0,0.0,1,0.03515625,0.3125,0.69921875,1.0,0.98,True,1,1111111111111111,1.0747013509770411,0.0,0.0,"[30.0, 30.0, 30.0, 30.0, 30.0, 30.0, 30.0, 30.0]",0.1030340640248494,0.1178924797727714,0.0032121611412384,0.000217691577095,4.353831541900711e-05,0.0870766308380142,0.1368887387863521,-0.1832765433168338,0,0.0,0.0,0.0,,,exploratory,stress,do_not_sell,2023-12-22,PASS,1.1789247977277144,1.0747013509770413,1.0747013509770413,0.10422344675067308
hybrid_qaoa_assisted_v4,x05_stress_20231222_do_not_sell,classical_true,candidate_budget,OK,,256,256,0,256,81,0.0012791249901056,0.2530066659965087,256,256,1.0747013509770411,1.0747013509770411,,,,,,,,True,1111111111111111,155,0.0,0.7834422110552763,0.0,0.0,0.0,1,0.03515625,0.1328125,0.390625,0.9,0.5,True,1,1111111111111111,1.0747013509770411,0.0,0.0,"[30.0, 30.0, 30.0, 30.0, 30.0, 30.0, 30.0, 30.0]",0.1030340640248494,0.1178924797727714,0.0032121611412384,0.000217691577095,4.353831541900711e-05,0.0870766308380142,0.1368887387863521,-0.1832765433168338,0,0.0,0.0,0.0,,,exploratory,stress,do_not_sell,2023-12-22,PASS,1.1789247977277144,1.0747013509770413,1.0747013509770413,0.10422344675067308
hybrid_qaoa_assisted_v4,x05_stress_20231222_do_not_sell,classical_surrogate,candidate_budget,OK,,256,256,0,256,81,0.0027414580108597,0.2543452499958221,256,256,1.0747013509770411,1.0747013509770411,,,,,,,,True,1111111111111111,10,0.0,0.8045829145728642,0.90234375,0.0,0.0,1,0.03125,0.140625,0.4140625,0.9,0.56,True,1,1111111111111111,1.0747013509770411,0.0,0.0,"[30.0, 30.0, 30.0, 30.0, 30.0, 30.0, 30.0, 30.0]",0.1030340640248494,0.1178924797727714,0.0032121611412384,0.000217691577095,4.353831541900711e-05,0.0870766308380142,0.1368887387863521,-0.1832765433168338,0,0.0,0.0,0.0,,,exploratory,stress,do_not_sell,2023-12-22,PASS,1.1789247977277144,1.0747013509770413,1.0747013509770413,0.10422344675067308
hybrid_qaoa_assisted_v4,x05_stress_20231222_do_not_sell,random_uniform,candidate_budget,OK,,256,256,0,256,88,0.0011649170191958,0.2732553750101942,256,256,1.084213209920596,1.0794535056156107,,,,,,,,True,1101011111111111,165,0.0095663099317957,1.0014824120603014,0.99609375,0.0095118589435545,0.0088506997175606,57,0.0,0.00390625,0.03515625,0.0,0.0,True,1,1101011111111111,1.0842132099205957,0.0047597043049849,0.0478500299324632,"[30.0, 25.0, 25.0, 30.0, 30.0, 30.0, 30.0, 30.0]",0.1036596271834519,0.1178924797727714,0.0031375182362145,0.0002089972507693,4.1799450153874785e-05,0.0835989003077495,0.1334177870076685,-0.1844163488442046,0,0.0047597043049851,0.0047521546385693,0.0044218374102247,,,exploratory,stress,do_not_sell,2023-12-22,PASS,1.1789247977277144,1.0747013509770413,1.0747013509770413,0.10422344675067308
hybrid_qaoa_assisted_v4,x05_stress_20231222_do_not_sell,random_stratified,candidate_budget,OK,,256,256,0,256,100,0.0036262909998185,0.308329749997938,256,256,1.0810761511724003,1.0778664778747418,,,,,,,,True,1111111111110101,105,0.0064597195839699,1.0212311557788945,0.9921875,0.0063748001953589,0.0059316945954924,17,0.0,0.00390625,0.015625,0.0,0.02,True,1,1111111111110101,1.0810761511724003,0.0032096732976585,0.031760604196945,"[30.0, 30.0, 30.0, 30.0, 30.0, 30.0, 25.0, 25.0]",0.1035129472048242,0.1178924797727714,0.0030843974765712,0.0002101155264895,4.202310529791248e-05,0.0840462105958249,0.1338642220208234,-0.1842820038614466,0,0.0032096732976585,0.0031651268977004,0.0029451222842726,,,exploratory,stress,do_not_sell,2023-12-22,PASS,1.1789247977277144,1.0747013509770413,1.0747013509770413,0.10422344675067308
hybrid_qaoa_assisted_v4,x05_stress_20231222_do_not_sell,boltzmann,candidate_budget,OK,,256,256,0,256,81,0.070658040989656,0.2530652499990538,256,256,1.0747013509770411,1.0747013509770411,,,,,,,,True,1111111111111111,22,0.0,0.657175879396985,0.8671875,0.0,0.0,1,0.03515625,0.1875,0.66796875,1.0,0.7,True,1,1111111111111111,1.0747013509770411,0.0,0.0,"[30.0, 30.0, 30.0, 30.0, 30.0, 30.0, 30.0, 30.0]",0.1030340640248494,0.1178924797727714,0.0032121611412384,0.000217691577095,4.353831541900711e-05,0.0870766308380142,0.1368887387863521,-0.1832765433168338,0,0.0,0.0,0.0,232.11481800222097,MATCHED,exploratory,stress,do_not_sell,2023-12-22,PASS,1.1789247977277144,1.0747013509770413,1.0747013509770413,0.10422344675067308
hybrid_qaoa_assisted_v4,x05_stress_20231222_do_not_sell,classical_true_compute,compute_budget,OK,,20000,20000,0,20000,81,0.2278187089832499,0.2636524999979883,20000,20000,1.0747013509770411,1.0747013509770411,,,,,,,,True,1111111111111111,106,0.0,0.9895527638190956,0.9909,0.0,0.0,1,0.00045,0.0041,0.06145,1.0,1.0,True,1,1111111111111111,1.0747013509770411,0.0,0.0,"[30.0, 30.0, 30.0, 30.0, 30.0, 30.0, 30.0, 30.0]",0.1030340640248494,0.1178924797727714,0.0032121611412384,0.000217691577095,4.353831541900711e-05,0.0870766308380142,0.1368887387863521,-0.1832765433168338,0,0.0,0.0,0.0,,,exploratory,stress,do_not_sell,2023-12-22,PASS,1.1789247977277144,1.0747013509770413,1.0747013509770413,0.10422344675067308
hybrid_qaoa_assisted_v4,x05_stress_20231222_do_not_sell,random_uniform_compute,compute_budget,OK,,20000,20000,0,20000,91,0.0770503749954514,0.2960682499979157,20000,20000,1.0775924260551455,1.076133786141932,,,,,,,,True,1111111111111101,17336,0.0029485584248105,1.003894472361809,0.996,0.0028910750781043,0.0026901195159715,3,0.0002,0.0016,0.0194,0.4,0.34,True,1,1111111111111101,1.0775924260551453,0.0014586399132132,0.0141903449602301,"[30.0, 30.0, 30.0, 30.0, 30.0, 30.0, 30.0, 25.0]",0.1032714003126675,0.1178924797727714,0.0031279319474726,0.0002136932559837,4.273865119675817e-05,0.0854773023935163,0.1352925202366921,-0.1837563156472549,0,0.0014586399132137,0.0014324351648906,0.0013328681159546,,,exploratory,stress,do_not_sell,2023-12-22,PASS,1.1789247977277144,1.0747013509770413,1.0747013509770413,0.10422344675067308
hybrid_qaoa_assisted_v4,x05_stress_20231222_do_not_sell,classical_true_compute_transfer,compute_budget,OK,,19249,19249,0,19249,81,0.1813929580093827,0.2637147080095019,19249,19249,1.0747013509770411,1.0747013509770411,,,,,,,,True,1111111111111111,89,0.0,1.000321608040201,0.9909086186295392,0.0,0.0,1,0.0004675567561951,0.0042599615564444,0.0639513740973557,1.0,1.0,True,1,1111111111111111,1.0747013509770411,0.0,0.0,"[30.0, 30.0, 30.0, 30.0, 30.0, 30.0, 30.0, 30.0]",0.1030340640248494,0.1178924797727714,0.0032121611412384,0.000217691577095,4.353831541900711e-05,0.0870766308380142,0.1368887387863521,-0.1832765433168338,0,0.0,0.0,0.0,,,exploratory,stress,do_not_sell,2023-12-22,PASS,1.1789247977277144,1.0747013509770413,1.0747013509770413,0.10422344675067308
hybrid_qaoa_assisted_v4,x05_stress_20231222_do_not_sell,random_uniform_compute_transfer,compute_budget,OK,,19249,19249,0,19249,93,0.0730445419903844,0.2986145830072928,19249,19249,1.0775924260551455,1.076133786141932,,,,,,,,True,1111111111111101,56,0.0029485584248105,1.0003115577889448,0.996103693698374,0.0028910750781043,0.0026901195159715,3,0.0001039015013766,0.0017143747727154,0.0193256792560652,0.3,0.38,True,1,1111111111111101,1.0775924260551453,0.0014586399132132,0.0141903449602301,"[30.0, 30.0, 30.0, 30.0, 30.0, 30.0, 30.0, 25.0]",0.1032714003126675,0.1178924797727714,0.0031279319474726,0.0002136932559837,4.273865119675817e-05,0.0854773023935163,0.1352925202366921,-0.1837563156472549,0,0.0014586399132137,0.0014324351648906,0.0013328681159546,,,exploratory,stress,do_not_sell,2023-12-22,PASS,1.1789247977277144,1.0747013509770413,1.0747013509770413,0.10422344675067308
hybrid_qaoa_assisted_v4,x05_stress_20231222_do_not_sell,heuristic_baselines,ablation,OK,,3,3,0,3,59,2.883299021050334e-05,0.1822944580053445,3,3,1.0747013509770411,1.0747013509770411,,,,,,,,True,1111111111111111,3,0.0,1.0666666666666669,0.6666666666666666,0.0,0.0,1,0.3333333333333333,0.3333333333333333,0.3333333333333333,0.1,0.02,True,1,1111111111111111,1.0747013509770411,0.0,0.0,"[30.0, 30.0, 30.0, 30.0, 30.0, 30.0, 30.0, 30.0]",0.1030340640248494,0.1178924797727714,0.0032121611412384,0.000217691577095,4.353831541900711e-05,0.0870766308380142,0.1368887387863521,-0.1832765433168338,0,0.0,0.0,0.0,,,exploratory,stress,do_not_sell,2023-12-22,PASS,1.1789247977277144,1.0747013509770413,1.0747013509770413,0.10422344675067308
